"Timestamp","¬øCu√°l es tu genero?","¬øQu√© edad tienes?","¬øDe d√≥nde es tu procedencia?","¬øEstudiaste sistemas por elecci√≥n propia?","¬øEstudiaste carreras simultaneas?","¬øTe cambiaste de carrera?","¬øFuiste Becado?","¬øFuiste excelencia acad√©mica?","¬øCual fue tu promedio de graduaci√≥n?","¬øTrabajaste y estudiaste?","En promedio ¬øCuantas clases por periodo llevabas?","¬øCuantos a√±os tardaste en graduarte de ingenier√≠a en sistemas?","En general, ¬ø Los ingenieros con los que metiste clases eran buenos dando la clase?","¬øEst√°s satisfecho con los conocimientos que te impartieron en la universidad?","¬øQu√© herramientas y tecnolog√≠as aprendiste en la universidad?","¬øQu√© herramientas y tecnolog√≠as aprendiste por tu cuenta?","¬øEstuviste en actividades extracurriculares como ser deportes, hackathon, Honduras startup, etc.?","¬øCu√°les son las √°reas que menos te gustaron de ingenier√≠a en sistemas?","¬øCuales fueron las √°reas que mas te gustaron de ingeniera en sistemas?","¬øTe sentiste preparado al momento de ir a practica profesional?","¬øComo era lucia tu portafolio a la hora de ir a la practica profesional?","¬øSentiste que los conocimientos de la practica te ayudaron para entrar al mercado laboral?","¬øCual fue tu a√±o de graduaci√≥n?","¬øCual fue tu mes de graduaci√≥n?","¬øHab√≠as trabajado en algo relacionado a la carrera antes de graduarte?","¬øTe gust√≥ tu lugar de pr√°ctica?","¬øTe ofrecieron quedarte en la empresa donde realizaste tu pr√°ctica?","¬øTrabajas o trabajaste donde realizaste tu pr√°ctica?","En tu experiencia, ¬øqu√© herramientas consideras m√°s importantes en el mercado actual?","Despu√©s de graduarte ¬ø Has estado actualiz√°ndote en las nuevas tecnolog√≠as?","¬øActualmente tienes trabajo?","Si tienes trabajo ¬øTu trabajo actual esta relacionado a la ingenier√≠a en sistemas?","¬øCu√°ntos meses estuviste desempleado despu√©s de tu graduaci√≥n?","¬øTrabajas en tu √°rea de preferencia?","¬øTen√≠as trabajo antes de graduarte?","¬øCu√°l era tu nivel de ingl√©s antes de tu graduaci√≥n?","¬øCu√°nto conoc√≠as del desarrollo del software antes de graduarte?","¬øCu√°nto conoc√≠as de infraestructura de red antes de graduarte?","¬øCu√°nto conoc√≠as de manejo de servidores antes de graduarte?","¬øCu√°nto conoc√≠as  del dise√±o de software antes de graduarte?","¬øCu√°nto conoc√≠as de administraci√≥n de empresas antes de graduarte?","¬øTe gustaba liderar proyectos antes de graduarte?","¬øQu√© tan proactivo te considerabas antes de graduarte?","¬øUtilizabas tu tiempo libre para aprender herramientas por tu cuenta cuando segu√≠as en la universidad?","¬øEras buen expositor?","¬øEras buen negociador?","¬øAcostumbrabas a ser coordinador en tus grupos en las clases de la universidad?","¬øTe consideras introvertido?","¬øTe consideras competitivo?","¬øTe molestas con facilidad?"
"2020/04/07 3:14:21 PM CDT","Hombre","26","Cerro de Hula","S√≠","No","S√≠","No","No","75","S√≠","4","8","El 50% eran buenos dando la clase","S√≠","uso de lenguajes de programacion como java, php, sql y herramientas como visual studio, netbeans, eclipse","lenguajes como python, ionic, angular, postgresql herramientas como visual studio code, corel draw","S√≠","Electr√≥nica","Programaci√≥n;Redes","No","algo peque√±o, no tenia mucha experiencia en diversas cosas","S√≠","2019","9","S√≠","S√≠","S√≠","Si","aprender lenguajes como python y aprender tecnologias para desarrollo web","S√≠","S√≠","","0","S√≠","S√≠","3","3","1","2","3","2","No","5","S√≠","Si","No","No","S√≠","No","No"
"2020/04/07 3:32:48 PM CDT","Hombre","26","La ceiba, atlantida ","S√≠","No","No","No","No","79","S√≠","4","6","El 70% eran buenos dando la clase","S√≠","Fueron m√°s habilidades como facilidad para aprender las herramientas","Casi todas","S√≠","Redes","Programaci√≥n","S√≠","Por la experiencia laboral nada mal","S√≠","2019","11","S√≠","S√≠","S√≠","No","Habilidades de comunicaci√≥n, expresi√≥n, etc... No simplemente saber todo de memoria ","S√≠","S√≠","","0","S√≠","S√≠","2","3","1","3","3","3","S√≠","4","S√≠","Si","S√≠","S√≠","No","S√≠","No"
"2020/04/07 5:01:27 PM CDT","Hombre","26","Tegucigalpa ","S√≠","No","No","No","No","78","No","4","7","El 50% eran buenos dando la clase","No","Web, Escritorio, IA, Lean, Desarrollo √°giles, finanzas, electr√≥nica.","CA-Plex, RPA‚Äôs, Python, Scrum, Android, IOS, React, Angular, React Native, Electronjs, teor√≠a de tubos al vac√≠o, Blue Prints, Apex, Despliegues de apps en la nube.","S√≠","Redes","Programaci√≥n;Electr√≥nica;Administraci√≥n","No","B√°sico ","No","2019","6","No","S√≠","No","No","Despliegue en la nube","S√≠","No","","2","No","S√≠","2","4","1","1","4","3","S√≠","4","S√≠","Si","S√≠","S√≠","S√≠","S√≠","No"
"2020/04/07 5:07:30 PM CDT","Hombre","27","Tegucigalpa","S√≠","No","S√≠","No","S√≠","80","No","4","7","El 60% eran buenos dando la clase","No","Programaci√≥n en Java, infraestructura de redes","Especializaci√≥n en redes ","No","Administraci√≥n","Redes;Electr√≥nica","No","No entend√≠ la pregunta","S√≠","2019","09","No","S√≠","No","No","Desarrollo web, Python, administraci√≥n de redes","No","S√≠","","4 ","S√≠","No","3","2","4","2","2","3","S√≠","2","No","No","S√≠","No","No","S√≠","No"
"2020/04/07 5:24:08 PM CDT","Hombre","33","Tegucigalpa ","S√≠","No","No","No","No","78","S√≠","4","10","El 60% eran buenos dando la clase","No","Ides, workbench, visual estudio, etc.","Ides, workbench, visual estudio, etc","No","Programaci√≥n","Redes;Electr√≥nica","No","Escaso. ¬øOye que no te ense√±√≥ el Ing. De t√≥picos a definir terminolog√≠as antes de poner encuestas? Y adem√°s tienes demasiadas preguntas abiertas, no quiero molestar pero creo que le falt√≥ preparaci√≥n al borrador de la encuesta. ","No","2019","11 ","No","S√≠","No","No","Networking, programaci√≥n m√≥vil, ciber seguridad. ","S√≠","No","","4","No","No","3","3","4","1","4","3","No","3","S√≠","Si","No","S√≠","S√≠","No","S√≠"
"2020/04/07 5:32:12 PM CDT","Hombre","26","Tegucigalpa ","S√≠","No","No","No","S√≠","79","No","4","5","El 40%  o menos eran buenos dando la clase","No","Las necesarias y b√°sicas para pasar mis clases, por lo cual son varias y me remito a no divulgar ","Ninguno ","S√≠","Redes","Programaci√≥n;Electr√≥nica;Administraci√≥n","No","Pues ser de la Aut√≥noma da un plus, pero realmente falta saber m√°s ","S√≠","2018","08","No","S√≠","S√≠","No","Pues hay diferentes tecnolog√≠a y depende de la necesidad y del proyecto ","S√≠","S√≠","","0","S√≠","S√≠","3","4","2","1","3","3","S√≠","3","S√≠","No","No","S√≠","No","No","No"
"2020/04/08 2:15:38 PM CDT","Mujer","26","Tegucigalpa","S√≠","No","No","No","No","79","S√≠","4","5","El 90% eran buenos dando la clase","S√≠","Desarrollo, an√°lisis de datos, redes, metodolog√≠as, buenas pr√°cticas, proyectos de emprendimiento. ","Herramientas de Microsoft empresariales, sistemas de SAP, certificaci√≥n en itil","No","Programaci√≥n","Electr√≥nica;Administraci√≥n","S√≠","Bien, debido a que ya tenia experiencia laboral. ","S√≠","2019","11","S√≠","S√≠","S√≠","Si","Para gestionar proyectos, de desarrollo m√≥vil y web, las empresariales, de administraci√≥n (usuarios, servidores, equipos de comunicaciones) ","S√≠","S√≠","S√≠","0","S√≠","S√≠","2","4","4","2","4","4","S√≠","5","No","Si","No","No","S√≠","S√≠","No"
"2020/04/09 5:22:35 PM CDT","Hombre","24","Tegucigalpa","S√≠","No","No","No","No","76","No","4","6","El 70% eran buenos dando la clase","No","Tecnologiaa como bases de datos,redes, IDEs para la programar","Sistemas operativos, electr√≥nica b√°sica","No","Electr√≥nica;Administraci√≥n","Programaci√≥n;Redes","S√≠","Algo b√°sico sin mucho para ofrecer sin nada m√°s que los conocimientos de la carrera.","S√≠","2020","3","No","No","No","No","Ingl√©s avanzado, ser proactivo y no tener miedo a los desafios","S√≠","No","","7","No","No","3","4","3","2","4","3","No","3","S√≠","No","No","No","S√≠","S√≠","S√≠"
"2020/04/09 5:45:13 PM CDT","Hombre","26","Tegucigalpa","S√≠","No","S√≠","No","No","75","S√≠","4","8","El 60% eran buenos dando la clase","S√≠","Bases de datos SQL, MongoDB, Lenguajes de programaci√≥n, Java, JavaScript, PHP, C++, y frameworks como ser jQuery, Bootstrap, entre otras cosas m√°s ","Vue JS, Node JS ","S√≠","Electr√≥nica","Programaci√≥n;Redes;Administraci√≥n","No","Algo sencillo, con proyectos grupales de Ing de Software, e Industria y con el proyecto individual de desarrollo web","No","2020","3","No","S√≠","No","Si","Considero que es bien importante la parte de programaci√≥n, lo que pasa es que es todo un mundo, si me quiero poner a aprender una tecnolog√≠a me llevar√≠a mucho tiempo, lo que yo hago es buscar las cosas que necesito y al encontrarlas llevarlas a la practica y entre mas practica uno, m√°s experiencia adquiere, pero sin retos en mente es muy complicado ganar experiencia, los retos como cuando ten√≠amos proyectos en las clases","S√≠","No","No","1 ","No","S√≠","3","3","2","1","3","3","S√≠","4","S√≠","Si","No","S√≠","S√≠","S√≠","No"
"2020/04/09 6:45:13 PM CDT","Hombre","25","Zamorano","S√≠","No","S√≠","S√≠","No","78","S√≠","4","5","El 40%  o menos eran buenos dando la clase","No","Lo basico mysql, java","Laravel, ionic, jquery, jscript, angular","No","Programaci√≥n","Programaci√≥n","S√≠","no tenia","S√≠","2020","2","S√≠","S√≠","S√≠","Si","El entorno web, y app ","S√≠","S√≠","S√≠","0","S√≠","S√≠","2","5","2","2","4","2","S√≠","5","S√≠","No","No","S√≠","S√≠","S√≠","S√≠"
"2020/04/09 6:47:31 PM CDT","Hombre","23","Tegucigalpa","No","No","S√≠","No","No","77","No","4","5","El 60% eran buenos dando la clase","S√≠","Las b√°sicas","Las mas espec√≠ficas","S√≠","Electr√≥nica","Programaci√≥n","S√≠","Sobrio","S√≠","2020","2","S√≠","S√≠","S√≠","Si","Desarrollo","S√≠","S√≠","S√≠","0","S√≠","S√≠","3","3","2","2","4","3","S√≠","5","S√≠","Si","S√≠","No","No","S√≠","No"
"2020/04/09 8:03:21 PM CDT","Hombre","27","Tegucigalpa","S√≠","No","No","No","S√≠","82","S√≠","4","7","El 70% eran buenos dando la clase","S√≠","Las suficientes.","Varias, las herramientas dependen del proyecto que se desarrolle.","S√≠","Redes","Programaci√≥n;Electr√≥nica;Administraci√≥n","S√≠","Muy bien, lo considero as√≠ gracias a la experiencia profesional. Ya hab√≠a trabajado entonces ya sab√≠a c√≥mo era el asunto. 
Sin embargo, dar√© una opini√≥n: 
Considero que la pr√°ctica profesional es innecesaria para estudiantes que tienen m√°s de dos a√±os de experiencia laboral y han sido contratados en m√°s de dos compa√±√≠as. (M√°s de dos compa√±√≠as porque hay personas que s√≥lo han trabajado en una empresa y muchas veces no saben trabajar con gente de distinta cultura).","No","2020","2","S√≠","S√≠","S√≠","Si","Las herramientas dependen del proyecto. 
Sin embargo, considero importante el hecho de manejar cloud services de cualquier proveedor. 
Tambi√©n manejar Frameworks de Javascript (React, Angular, Vue) y liber√≠as Javascript (como lodash, peg.js, moment, etc.). 
Por otra parte, considero muy importante saber crear servidores con API's REST y comprender la arquitectura SOAP. (Node.js, GO Lang, Java)
Las herramientas para crear Apps m√≥viles tambi√©n est√°n muy de moda y es un mercado sostenible. (Xcode para iOS, Android Studio para Android)
Las PWA tambi√©n son un concepto importante, hacen que el proyecto sea escalable.
Una cosa bien importante que tienen que entender los profesionales de la Ingenier√≠a en Sistemas es aprender a buscar documentaci√≥n oficial (s√≠, de la mano quien hizo la herramienta), y saber leerla. Por ejemplo, las sintaxis de las sentencias SQL en Oracle Database, SQL Server o SAP HANA est√°n en notaci√≥n de expresiones regulares y he visto algunos colegas quedar confundidos o no saberlo interpretar. (Lo siento, lo ten√≠a que decir)","S√≠","S√≠","S√≠","0","S√≠","S√≠","3","4","3","4","4","5","S√≠","5","S√≠","Si","S√≠","S√≠","No","No","No"
"2020/04/09 8:44:13 PM CDT","Hombre","38","Tegucigalpa","S√≠","No","No","No","S√≠","83","S√≠","4","7","El 90% eran buenos dando la clase","S√≠","Herramientas de desarrollo Netbeans, eclipse, visual estudio2012 , visual estudio code, lesguajes de programacion JAVA, C#, C++, PHP, NODEJS, Frameworks como Boostrap para CSS, Jquery. ORACLE, Mysql, HTML, CSS, ","CRISTAL REPORTS, LISP, STARUML, SQL SERVER, REACT, PACKET TRACER","No","Programaci√≥n","Redes;Electr√≥nica;Administraci√≥n","S√≠","CON LO BASICO","No","2020","2","S√≠","S√≠","No","No","JAVA, .NET Y  DESARROLLO WEB","S√≠","No","","2","No","No","2","3","3","1","1","3","S√≠","5","S√≠","Si","S√≠","S√≠","No","S√≠","No"
"2020/04/10 3:53:50 AM CDT","Hombre","25","Tegucigalpa ","S√≠","No","No","No","S√≠","80","No","4","7","El 40%  o menos eran buenos dando la clase","No","Desarrollo web y de escritorio, metodolog√≠as agiles, bases de datos,  entre otros","Frameworks de programaci√≥n (laravel, angular), arquitectura MVC, desarrollo web con java, etc","S√≠","Redes","Programaci√≥n;Administraci√≥n","S√≠","Bien, los certificados de cursos externos ayudaron mucho","S√≠","2020","2","No","S√≠","S√≠","Si","Desarrollo web y movil con el uso de frameworks actuales, metodolog√≠as √°giles, inteligencia artificial y bigdata","S√≠","S√≠","S√≠","0","S√≠","S√≠","3","4","2","1","5","4","S√≠","4","S√≠","No","S√≠","S√≠","S√≠","S√≠","No"
"2020/04/10 5:50:49 PM CDT","Mujer","23","La Esperanza, Intibuc√°","S√≠","No","No","No","S√≠","81","No","4","6","El 70% eran buenos dando la clase","No","Programaci√≥n en Python y programaci√≥n web con Node Js, Javascript, css, herramientas de organizaci√≥n para la implementaci√≥n de metodolog√≠as √°giles, dise√±o y normalizaci√≥n de diagramas de bases de datos, gestores de base de datos, buenas practicas en el dise√±o de sistemas, conocimientos b√°sicos de est√°ndares y normas internacionales de seguridad inform√°tica y para la gesti√≥n de proyectos, entre otros.","Programaci√≥n en PHP, herramientas o plugins que mejoran la experiencia del usuario, simuladores de redes y circuitos.","S√≠","Electr√≥nica","Redes;Administraci√≥n","S√≠","Mi portafolio no era muy grande, describ√≠a mis conocimientos y experiencia que hab√≠a obtenido en la implementaci√≥n de proyectos de la universidad, a pesar de no ser tan extenso cumpl√≠a con los requisitos para el puesto al que deseaba aplicar.","S√≠","","","No","S√≠","S√≠","Si","Los conocimientos en programaci√≥n orientado a objetos, manejo y dise√±o de base de datos,   dise√±o de sistemas, manejo de herramientas de dise√±o, presentaciones visuales, herramientas ofim√°ticas, entre otras, que te ayuden a compartir y exponer tu trabajo de una forma mas profesional y que capte la atenci√≥n de los usuarios. Tratar en la medida de lo posible conocer las tendencias actuales y conocer cuales se pueden adoptar para aumentar la productividad y eficiencia de los sistemas.","S√≠","S√≠","S√≠","0","S√≠","S√≠","3","3","2","2","3","3","No","3","No","No","No","S√≠","No","S√≠","No"
"2020/04/12 10:55:14 AM CDT","Mujer","30","Tegucigalpa","S√≠","No","No","No","No","78","S√≠","4","9","El 70% eran buenos dando la clase","No","Programaci√≥n web ","RPG ","No","Electr√≥nica;Administraci√≥n","Programaci√≥n;Redes","No","Regular ","S√≠","2020","2","S√≠","S√≠","No","No","Desarrollo de Software ","S√≠","S√≠","S√≠","0","S√≠","S√≠","4","3","4","3","3","4","S√≠","4","S√≠","Si","S√≠","S√≠","S√≠","S√≠","No"
"2020/04/12 2:30:27 PM CDT","Hombre","27","Olancho","S√≠","No","No","No","No","79","No","4","7","El 70% eran buenos dando la clase","S√≠","Java, C#, C++, PHP, HTML, Ensamblador, MySQL, SQL Server, PostgreSQL, Ionic, ","Complemente las tecnolog√≠as aprendidas en la Universidad.","No","Administraci√≥n","Programaci√≥n;Redes;Electr√≥nica","S√≠","Bien","No","2019","3","No","S√≠","No","No","JavaScript, SQL Server","S√≠","S√≠","S√≠","2","S√≠","No","3","3","3","3","3","3","S√≠","5","S√≠","Si","S√≠","S√≠","No","S√≠","S√≠"
"2020/04/12 2:35:34 PM CDT","Hombre","29","Tegucigalpa","S√≠","No","No","No","No","74","S√≠","4","10","El 60% eran buenos dando la clase","No","Ionic2, Windows server r12","As400, webex, CCNA.","S√≠","Programaci√≥n","Redes;Electr√≥nica;Administraci√≥n","No","Bastante mal.","S√≠","2019","9","S√≠","No","No","No","Inteligencia de negocios, an√°lisis de datos.","S√≠","S√≠","S√≠","0","S√≠","S√≠","3","3","4","3","2","4","S√≠","4","S√≠","Si","S√≠","S√≠","No","S√≠","S√≠"
"2020/04/12 2:38:06 PM CDT","Hombre","28","Intibuc√°","S√≠","No","S√≠","No","No","75","No","4","8","El 50% eran buenos dando la clase","S√≠","Java ","Php","No","Administraci√≥n","Programaci√≥n;Electr√≥nica","No","Regular","No","2019","4","S√≠","No","No","No","Herramientas de programaci√≥n","S√≠","S√≠","S√≠","6","S√≠","No","3","3","2","3","4","3","No","3","No","No","S√≠","No","S√≠","S√≠","No"
"2020/04/12 2:42:58 PM CDT","Mujer","31","Tegucigalpa ","S√≠","No","No","No","No","77","S√≠","3","9","El 40%  o menos eran buenos dando la clase","S√≠","Lenguajes de programaci√≥n ","Otros lenguajes de programaci√≥n","S√≠","Redes","Programaci√≥n;Administraci√≥n","S√≠","No entiendo la pregunta. Mi curr√≠culo ten√≠a mucha experiencia adquirida fuera de la universidad. De trabajos anteriores","S√≠","2019","3","S√≠","S√≠","S√≠","Si","Desarrollo de aplicaciones m√≥viles y web","S√≠","S√≠","S√≠","1","S√≠","S√≠","3","4","2","2","4","3","S√≠","4","S√≠","Si","S√≠","No","S√≠","No","S√≠"
"2020/04/12 3:58:54 PM CDT","Mujer","28","Francisco Morazan","S√≠","No","S√≠","No","No","2019","No","4","8","El 70% eran buenos dando la clase","No","programacion web y desarrollo en dispositivos moviles","javascript , php , angular ","No","Redes;Electr√≥nica","Programaci√≥n;Administraci√≥n","S√≠","basico","S√≠","2019","03","No","S√≠","No","No","la programacion web y el desarrollo en dispositivos moviles como tambien manejo de bases de datos","S√≠","S√≠","S√≠","1","S√≠","S√≠","2","3","3","1","4","4","S√≠","3","No","Si","No","S√≠","S√≠","S√≠","No"
"2020/04/13 7:27:47 AM CDT","Mujer","24","Tegucigalpa","S√≠","No","No","No","S√≠","79","No","5","6","El 70% eran buenos dando la clase","No","Programaci√≥n web","Programaci√≥n m√≥vil","S√≠","Redes;Administraci√≥n","Programaci√≥n;Electr√≥nica","No","No estaba tan lleno como esperaba","S√≠","2019","9","No","S√≠","No","No","Control de calidad, desarrollo m√≥vil h√≠brido","S√≠","S√≠","S√≠","3","S√≠","No","4","2","2","2","3","3","S√≠","4","No","No","No","S√≠","S√≠","S√≠","No"
"2020/04/13 9:28:32 PM CDT","Hombre","25","Tegucigalpa","S√≠","No","No","S√≠","S√≠","81","No","4","6","El 60% eran buenos dando la clase","S√≠","Lenguajes de programaci√≥n (Java, JavaScript, SQL) inteligencia de negocio","Web services, JavaScript, HTML, Apex","No","Administraci√≥n","Programaci√≥n;Redes","No","No se entiende la pregunta ","S√≠","2019","11","S√≠","S√≠","S√≠","Si","Inteligencia de Negocios, programaci√≥n, inteligencia emocional, Desenvolvimiento social","No","S√≠","S√≠","11","S√≠","S√≠","4","3","2","2","4","3","S√≠","3","No","Si","No","S√≠","S√≠","S√≠","S√≠"
"2020/04/14 5:45:15 PM CDT","Hombre","30","Tegucigalpa, Francisco Morazan","S√≠","No","No","No","No","78","No","4","9","El 70% eran buenos dando la clase","No","Cosas b√°sicas nada mas","React Native, Sass, Firebase","No","Administraci√≥n","Programaci√≥n;Redes;Electr√≥nica","No","Regular","S√≠","","3","S√≠","S√≠","S√≠","Si","Angular, React, BackEnd","No","S√≠","S√≠","0","S√≠","No","2","2","3","2","3","2","No","4","S√≠","No","No","S√≠","S√≠","No","S√≠"
"2020/04/15 6:39:50 PM CDT","Hombre","30","Tegucigalpa M.D.C.","S√≠","S√≠","No","No","No","75","S√≠","4","8","El 50% eran buenos dando la clase","No","Node.js, HTML5, CSS3, Java, Python, C, C++, C#, Oracle, SQLServer, MySql, ASM, entre otras","Arduino, PHP, FLASH, Linux S.O. y servidores, Odoo, PosgreSql, javascript m√°s a profundidad, Vue.js, entre otros","S√≠","Redes","Programaci√≥n;Electr√≥nica;Administraci√≥n","S√≠","A mi parecer me faltaban conocimientos especializados en herramientas puntuales, que se usan en la empresa o que nosotros adquirimos conocimientos muy a media dificultad, que aprend√≠ durante la pr√°ctica y que afecta al desempe√±o inmediato dentro del tiempo de pr√°ctica.","S√≠","2019","1","S√≠","No","S√≠","Si","Herramientas web, enfocadas en el front end, con conocimientos b√°sicos de back end y Java y todas las vertientes, Javascript, Java de escritorio, adem√°s herramientas de versionado, repositorio, como github y herramientas de contenedores de im√°genes y creaci√≥n de im√°genes, como Docker y de preferencia usando administradores de contenedores, como KUBERNET y muy importante, aprender a crear, consumir y administrar servicios web.","S√≠","S√≠","S√≠","0","S√≠","S√≠","5","4","2","2","4","4","S√≠","4","S√≠","Si","No","No","No","S√≠","No"
"2020/04/15 6:40:01 PM CDT","Hombre","30","Tegucigalpa M.D.C.","S√≠","S√≠","No","No","No","75","S√≠","4","8","El 50% eran buenos dando la clase","No","Node.js, HTML5, CSS3, Java, Python, C, C++, C#, Oracle, SQLServer, MySql, ASM, entre otras","Arduino, PHP, FLASH, Linux S.O. y servidores, Odoo, PosgreSql, javascript m√°s a profundidad, Vue.js, entre otros","S√≠","Redes","Programaci√≥n;Electr√≥nica;Administraci√≥n","S√≠","A mi parecer me faltaban conocimientos especializados en herramientas puntuales, que se usan en la empresa o que nosotros adquirimos conocimientos muy a media dificultad, que aprend√≠ durante la pr√°ctica y que afecta al desempe√±o inmediato dentro del tiempo de pr√°ctica.","S√≠","2019","1","S√≠","No","S√≠","Si","Herramientas web, enfocadas en el front end, con conocimientos b√°sicos de back end y Java y todas las vertientes, Javascript, Java de escritorio, adem√°s herramientas de versionado, repositorio, como github y herramientas de contenedores de im√°genes y creaci√≥n de im√°genes, como Docker y de preferencia usando administradores de contenedores, como KUBERNET y muy importante, aprender a crear, consumir y administrar servicios web.","S√≠","S√≠","S√≠","0","S√≠","S√≠","5","4","2","2","4","4","S√≠","4","S√≠","Si","No","No","No","S√≠","No"
"2020/04/16 5:27:33 PM CDT","Hombre","27","Tegucigalpa","S√≠","No","S√≠","No","No","79","S√≠","4","6","El 50% eran buenos dando la clase","No","POO, Bases de datos, PHP, Sql Server, Javascript","Angular, CSS, mongo","S√≠","Redes;Administraci√≥n","Programaci√≥n","No","No ten√≠a portafolio","S√≠","2018","3","No","S√≠","S√≠","Si","Programaci√≥n, metodolog√≠as √°giles","S√≠","S√≠","S√≠","0","S√≠","S√≠","1","2","1","1","1","1","S√≠","3","S√≠","Si","No","No","No","S√≠","No"
"2020/04/16 5:30:32 PM CDT","Hombre","29","Tegucigalpa","S√≠","No","No","No","No","72","No","4","6","El 70% eran buenos dando la clase","No","C#, Java, Python, Visual Studio, SQL Server ","HTML y CSS","S√≠","Redes;Administraci√≥n","Programaci√≥n;Electr√≥nica","No","Novato","S√≠","2016","10","No","S√≠","No","No","Desarrollo Web, Mobile y Agile","S√≠","S√≠","S√≠","3","S√≠","No","3","2","2","1","2","1","S√≠","3","S√≠","Si","No","S√≠","S√≠","No","No"
"2020/04/16 5:38:20 PM CDT","Mujer","30","Tegucigalpa","S√≠","No","No","No","No","69","S√≠","3","7","El 40%  o menos eran buenos dando la clase","No","Dreamweaver","SQL server","No","Programaci√≥n","Redes;Electr√≥nica;Administraci√≥n","No","Con muy poca experiencia","S√≠","2017","4","S√≠","S√≠","S√≠","Si","Actualmente el desarrollo web es muy importante y en la universidad estaba solamente como una optativa","S√≠","S√≠","S√≠","0","S√≠","S√≠","2","3","3","2","2","2","No","3","S√≠","Si","No","No","S√≠","No","S√≠"
"2020/04/17 7:54:58 AM CDT","Hombre","26","Intibuca ","S√≠","No","No","No","S√≠","80","No","5","7","El 70% eran buenos dando la clase","S√≠","SQL, PHP, JAVA","CSS, PYTHON","No","Electr√≥nica","Programaci√≥n;Redes;Administraci√≥n","S√≠","Bien ","S√≠","2020","02","No","S√≠","No","No","SQL","No","S√≠","S√≠","0","S√≠","S√≠","3","4","3","3","3","3","S√≠","4","No","Si","S√≠","No","No","S√≠","No"
"2020/04/17 8:56:21 AM CDT","Mujer","26","Tegucigalpa","S√≠","No","S√≠","No","No","79","No","4","5","El 50% eran buenos dando la clase","No","SQL server","Devops, R studio","No","Electr√≥nica;Administraci√≥n","Programaci√≥n;Redes","No","Sin experiencia laboral","S√≠","2019","11","No","S√≠","S√≠","Si","Todas los que nos proporciona las plataforma en las nubes","S√≠","S√≠","S√≠","0","S√≠","No","1","2","1","3","3","3","No","4","S√≠","No","S√≠","S√≠","No","S√≠","S√≠"
"2020/04/17 9:00:42 AM CDT","Hombre","23","Olancho","S√≠","No","S√≠","S√≠","S√≠","90","No","4","5","El 60% eran buenos dando la clase","S√≠","Java, c++, nodejs, PHP,","C#, Entity framework, oracle","S√≠","Electr√≥nica","Programaci√≥n;Redes","S√≠","No comprendo la pregunta, creo que est√° mal redactada. Te refieres como Luc√≠a mi portafolio en ese momento? Pera la palabra era lucia... No le da sentido a tu pregunta, no queda claro.","S√≠","2020","2","No","S√≠","S√≠","Si","Las que est√°n enfocadas al desarrollo web y aplicaciones m√≥viles","S√≠","S√≠","S√≠","0","S√≠","No","1","4","2","2","2","3","S√≠","3","No","Si","No","S√≠","S√≠","S√≠","No"
"2020/04/17 9:31:53 AM CDT","Mujer","28","Tegucigalpa","S√≠","No","No","No","No","79","S√≠","3","8","El 60% eran buenos dando la clase","No","Herramienta obsoletas que en la actualidad no se usan en el campo laboral. ","Java, instalaci√≥n y configuraci√≥n de servidores,  fundamentos de redes y seguridad inform√°tica","S√≠","Electr√≥nica;Administraci√≥n","Programaci√≥n;Redes","S√≠","Intermedio. Ya trabajaba en el √°rea para entonces. ","S√≠","2020","02","S√≠","S√≠","S√≠","Si","Pyton, GeneXus, Java, seguridad ","S√≠","S√≠","S√≠","0","No","S√≠","3","3","4","4","2","3","S√≠","4","S√≠","Si","No","S√≠","No","S√≠","No"
"2020/04/17 12:00:22 PM CDT","Hombre","23","Tegucigalpa","S√≠","No","No","No","No","81","No","4","5","El 60% eran buenos dando la clase","No","MySQL, Oracle, SQL Server, Java, PHP, C, Python","Python (frameworks web y librer√≠as de machine Learning), R, javascript, nodejs y diversos frameworks, PowerBI, mongodb, firebase, flutter, dart, git, Linux","S√≠","Redes","Programaci√≥n;Electr√≥nica","No","Ten√≠a algunos de los proyectos que realic√© en diversas clases solamente ","S√≠","2020","2","S√≠","S√≠","S√≠","Si","Depende del √°rea, si es desarrollo dir√≠a que Java o Javascript y alg√∫n framework ","S√≠","S√≠","S√≠","0","S√≠","No","5","4","2","3","2","2","S√≠","4","S√≠","Si","S√≠","S√≠","No","S√≠","No"
"2020/04/17 3:08:58 PM CDT","Hombre","24","Francisco Morazan","S√≠","No","No","No","No","77","S√≠","4","7","El 70% eran buenos dando la clase","S√≠","CISCO packet tracer, AWS, Oracle APEX, SQL developer, MongoDB, Node, PHP, JAVA, C++, JavaScript","React y Angular ","No","Electr√≥nica","Administraci√≥n","No","Con los conocimientos basicos para aprender nuevas tecnologias y herramientas","S√≠","2020","02","No","S√≠","S√≠","Si","Conocimientos en las herramientas que ofrecen AWS, Microsoft Azure y G Cloud.","S√≠","S√≠","S√≠","0","S√≠","S√≠","4","3","2","2","4","4","S√≠","3","No","Si","S√≠","No","No","S√≠","No"
"2020/04/17 4:47:58 PM CDT","Hombre","28","Comayagua","S√≠","No","S√≠","No","S√≠","89","S√≠","3","8","El 60% eran buenos dando la clase","S√≠","Java FX, PHP, MySql, NodeJS","Vue JS, Angular, Ionic, React Native, Feathers, Flutter, Flask, Spring Boot","No","Redes;Administraci√≥n","Programaci√≥n","S√≠","Ten√≠a experiencia laboral y proyectos en los que hab√≠a trabajado antes de llegar a pr√°ctica ","S√≠","2020","02","S√≠","No","S√≠","Si","Angular y .Net MVC","S√≠","S√≠","S√≠","0","S√≠","S√≠","3","4","2","2","2","2","S√≠","4","S√≠","Si","No","S√≠","No","S√≠","S√≠"
"2020/04/17 4:58:43 PM CDT","Hombre","29","Tegucigalpa ","S√≠","No","No","S√≠","No","74","S√≠","3","9","El 50% eran buenos dando la clase","No","Sql server, packet tracer, c#, arena","Lotus, as400, html css, php, cisco, azure, g√©nesis ","S√≠","Programaci√≥n;Electr√≥nica","Redes;Administraci√≥n","S√≠","Bien ","S√≠","2019","11","S√≠","S√≠","S√≠","Si","Considero que lo que se ense√±a en la u es superficial y en los trabajos uno se especializa en el √°rea a la que ingrese ","S√≠","S√≠","S√≠","0","No","S√≠","3","2","4","1","2","3","S√≠","5","S√≠","Si","S√≠","S√≠","No","S√≠","S√≠"
"2020/04/17 5:01:10 PM CDT","Hombre","29","Tegucigalpa ","S√≠","No","No","No","No","78","No","4","8","El 50% eran buenos dando la clase","S√≠","Redes, bases de datos, programaci√≥n ","Programar ","No","Programaci√≥n;Electr√≥nica","Redes","S√≠","B√°sico ","S√≠","2019","11","No","S√≠","No","No","Servidores virtuales ","S√≠","No","S√≠","3","S√≠","No","4","4","4","4","4","4","S√≠","4","S√≠","Si","S√≠","S√≠","S√≠","S√≠","S√≠"
"2020/04/17 5:02:05 PM CDT","Hombre","26","Tegucigalpa","S√≠","No","S√≠","No","No","79","No","4","6","El 60% eran buenos dando la clase","S√≠","Muchas ü§£","Varias","S√≠","Programaci√≥n","Redes;Electr√≥nica","S√≠","Nutrido","S√≠","2018","11","No","S√≠","S√≠","No","Excel ü§£","S√≠","S√≠","S√≠","0","S√≠","No","3","3","3","3","4","3","S√≠","5","No","No","S√≠","S√≠","S√≠","S√≠","No"
"2020/04/17 5:02:18 PM CDT","Hombre","26","Intibuca ","S√≠","No","No","No","S√≠","80","No","5","7","El 70% eran buenos dando la clase","S√≠","Sql, php","Json, JS","No","Electr√≥nica","Programaci√≥n;Redes;Administraci√≥n","S√≠","Bien ","S√≠","2020","2","No","S√≠","No","No","Sql","S√≠","S√≠","S√≠","0","S√≠","S√≠","3","5","4","4","4","4","S√≠","4","S√≠","Si","S√≠","No","No","S√≠","No"
"2020/04/17 5:02:29 PM CDT","Mujer","28","Francisco Morazan","S√≠","No","S√≠","No","No","77","No","4","8","El 60% eran buenos dando la clase","No","Bases de datos y programaci√≥n orientada a objetos","Desarrollo web y angular php","No","Redes;Electr√≥nica","Programaci√≥n","S√≠","Basico","S√≠","2019","3","S√≠","S√≠","No","No","Desarrollo web y en android","S√≠","S√≠","S√≠","1","S√≠","S√≠","2","3","3","1","4","4","S√≠","2","No","No","S√≠","S√≠","No","S√≠","No"
"2020/04/17 5:02:54 PM CDT","Hombre","33","Tegucigalpa ","S√≠","No","S√≠","No","No","78","S√≠","4","10","El 50% eran buenos dando la clase","No","Uso de ides, workbench, visual estudio,  sql manager, herramientas de gesti√≥n de proyectos, etc. ","My sql, My php, javascrip, json, etc. ","No","Programaci√≥n;Administraci√≥n","Redes;Electr√≥nica","No","Definir portafolio","S√≠","2019","11","No","S√≠","No","No","Desarrollo web y programaci√≥n m√≥vil, bases de datos, seguridad inform√°tica. ","S√≠","No","No","5","No","No","3","4","4","1","3","2","No","3","S√≠","No","No","S√≠","S√≠","No","S√≠"
"2020/04/17 5:04:13 PM CDT","Hombre","26","Tegucigalpa","S√≠","No","S√≠","No","No","79","S√≠","3","5","El 60% eran buenos dando la clase","No","Packet Traser, SQL server","JS , ","S√≠","Electr√≥nica","Programaci√≥n;Redes;Administraci√≥n","No","Competitivo ","No","2020","2","No","No","S√≠","No","JS , React Native","S√≠","S√≠","S√≠","1","S√≠","S√≠","3","3","3","1","3","5","S√≠","5","S√≠","Si","S√≠","S√≠","S√≠","S√≠","No"
"2020/04/17 5:05:35 PM CDT","Hombre","24","El para√≠so, El Para√≠so","No","No","S√≠","No","S√≠","81","S√≠","4","7","El 60% eran buenos dando la clase","S√≠","usar netbean","usar soap ui","No","Electr√≥nica","Administraci√≥n","S√≠","bueno","S√≠","2020","9","No","No","S√≠","Si","sql ","No","S√≠","S√≠","0","No","S√≠","2","3","3","3","3","3","S√≠","3","S√≠","No","No","No","S√≠","S√≠","S√≠"
"2020/04/17 5:05:52 PM CDT","Hombre","29","Valle","S√≠","No","No","No","No","66","S√≠","3","10","El 90% eran buenos dando la clase","S√≠","Bases de datos, redes, programaci√≥n","Oracle, Cisco, VMware","No","Electr√≥nica;Administraci√≥n","Programaci√≥n;Redes","S√≠","Completo","S√≠","2019","09","S√≠","S√≠","S√≠","Si","Bases de datos, redes, programaci√≥n","S√≠","S√≠","S√≠","0","S√≠","S√≠","3","3","3","1","3","3","S√≠","3","S√≠","Si","No","No","S√≠","S√≠","No"
"2020/04/17 5:11:21 PM CDT","Hombre","25","Taulab√©","S√≠","No","No","No","S√≠","80","No","4","6","El 70% eran buenos dando la clase","S√≠"," inteligencia artificial, investigaci√≥n, otros","Programaci√≥n web","No","Electr√≥nica","Programaci√≥n","No","Mi portafolio no se llamaba luc√≠a, ni siquiera ten√≠a uno.","S√≠","2020","2","No","S√≠","S√≠","Si","Desarrollo web y el trato con las personas","S√≠","No","","2","No","No","1","3","2","1","2","1","No","3","No","Si","No","S√≠","No","No","No"
"2020/04/17 5:13:45 PM CDT","Mujer","29","Tegucigalpa ","S√≠","No","No","No","No","78","No","5","10","El 90% eran buenos dando la clase","No","Java, oracle, SQL server","System center service manager, AD, DNS","S√≠","Programaci√≥n","Redes;Administraci√≥n","No","Bueno","S√≠","2019","11","No","S√≠","No","No","Todas las herramientas relacionadas con el √°rea de infraestructura, ya que es un √°rea poco explotada en las clases ","S√≠","S√≠","S√≠","0","S√≠","S√≠","4","3","4","4","3","4","S√≠","5","S√≠","No","No","No","S√≠","S√≠","No"
"2020/04/17 5:30:35 PM CDT","Mujer","25","Choluteca","S√≠","No","No","No","No","79","No","5","5","El 60% eran buenos dando la clase","S√≠","M√°s que todo las herramientas de software.","Las herramientas de hardware, reforzar las que ense√±an en la unah","No","Administraci√≥n","Redes;Electr√≥nica","No","Pues bien ","S√≠","2019","3","S√≠","No","No","No","La programaci√≥n web, las herramientas de Cisco.","No","No","No","10","No","No","2","4","4","2","4","5","S√≠","4","S√≠","No","S√≠","No","S√≠","S√≠","S√≠"
"2020/04/17 6:02:15 PM CDT","Hombre","29","FM","S√≠","No","No","No","No","78","No","4","6","El 70% eran buenos dando la clase","S√≠","Packet tracer, sqlServer, php. ","Java EE, Web service, Scriptcase, sql server, seguridad inform√°tica, soporte de impresoras, etc. ","No","Administraci√≥n","Programaci√≥n;Redes;Electr√≥nica","S√≠","Bien. ","S√≠","2017","9","No","S√≠","S√≠","No","Desarrollo web con nuevas tecnolog√≠as. ","S√≠","S√≠","S√≠","6","No","No","3","4","2","1","4","2","No","4","No","No","S√≠","No","No","S√≠","No"
"2020/04/17 6:53:25 PM CDT","Hombre","27","Tegucigalpa","S√≠","S√≠","S√≠","No","S√≠","78","No","5","6","El 70% eran buenos dando la clase","S√≠","POO,Arduino,PHP,SQL","Angular,typescript,servidores","S√≠","Administraci√≥n","Programaci√≥n;Electr√≥nica","S√≠","pesimo,casi nulo","S√≠","2018","9","S√≠","S√≠","S√≠","Si","Javascript ,Marketing Digital, Todo lo que tenga que ver con tecnolog√≠a, hoy d√≠a todo se volvio digital","S√≠","S√≠","S√≠","0","S√≠","S√≠","1","3","3","3","2","1","S√≠","3","No","No","S√≠","No","S√≠","S√≠","S√≠"
"2020/04/17 6:57:41 PM CDT","Hombre","27","El Para√≠so","S√≠","No","No","No","No","78","No","4","6","El 70% eran buenos dando la clase","No","Visual Studio, Netbeans, packet tracer","Git hub, JIRA, bitrix, helpdesk","No","Administraci√≥n","Programaci√≥n;Redes;Electr√≥nica;Administraci√≥n","No","Bien, logr√© anexarle un par de diplomas y cursos recibidos por mi cuenta","S√≠","2017","4","No","S√≠","No","No","Github, helpdesk, Scrum","S√≠","S√≠","S√≠","9","S√≠","No","2","3","3","1","2","1","S√≠","3","S√≠","Si","S√≠","S√≠","S√≠","S√≠","S√≠"
"2020/04/17 7:14:57 PM CDT","Hombre","29","Nacaome ","S√≠","No","No","No","No","78","No","3","7","El 70% eran buenos dando la clase","S√≠","Lo b√°sico ","Ning√∫n ","No","Electr√≥nica;Administraci√≥n","Programaci√≥n;Redes","No","No tan llamativo","S√≠","2018","9","No","S√≠","S√≠","Si","Programaci√≥n web","S√≠","S√≠","S√≠","0","S√≠","No","2","3","3","2","3","2","No","3","S√≠","Si","No","No","S√≠","No","S√≠"
"2020/04/17 7:24:26 PM CDT","Hombre","25","Tegucigalpa","S√≠","No","No","S√≠","S√≠","82","S√≠","5","7","El 70% eran buenos dando la clase","S√≠","bases de datos , programaci√≥n de bajo nivel","frameworks web , programaci√≥n movil","S√≠","Electr√≥nica","Programaci√≥n;Redes;Administraci√≥n","S√≠","Con poca experiencia valida","S√≠","2020","2","S√≠","S√≠","S√≠","Si","programaci√≥n movil , web y manejo avanzado de base de datos","S√≠","S√≠","No","0","No","S√≠","4","3","2","2","2","3","S√≠","4","S√≠","No","S√≠","S√≠","No","S√≠","No"
"2020/04/17 7:38:00 PM CDT","Hombre","29","Vallecillo FM","S√≠","No","S√≠","No","No","76","S√≠","4","6","El 60% eran buenos dando la clase","S√≠","La parte electr√≥nica.","Programaci√≥n en otros Lenguajes que no nos proporcionaban en la clase ","S√≠","Administraci√≥n","Redes;Electr√≥nica","S√≠","Con todas las capacidades basicas ","S√≠","2019","11","S√≠","S√≠","S√≠","Si","La parte de la administraci√≥n y la gerencia","S√≠","S√≠","S√≠","0","S√≠","S√≠","2","4","4","3","3","3","S√≠","4","S√≠","Si","S√≠","S√≠","No","S√≠","No"
"2020/04/17 8:13:25 PM CDT","Hombre","27","FM","S√≠","No","No","No","No","84","S√≠","4","7","El 40%  o menos eran buenos dando la clase","S√≠",".",".","No","Electr√≥nica;Administraci√≥n","Programaci√≥n;Administraci√≥n","S√≠",".","S√≠","3000","12","No","S√≠","No","No",".","S√≠","S√≠","No","1000","No","No","5","2","3","2","2","2","S√≠","3","No","No","S√≠","S√≠","No","S√≠","S√≠"
"2020/04/17 10:58:38 PM CDT","Hombre","38","Tegucigalpa","S√≠","No","No","No","S√≠","83","S√≠","4","7","El 70% eran buenos dando la clase","No","Java, C#, nodejs, html, cas, javascript, boostrap, ","Jasper report, genexus, ","No","Programaci√≥n","Redes;Electr√≥nica;Administraci√≥n","S√≠","B√°sico","No","2020","2","S√≠","S√≠","No","No","Java, c#","S√≠","No","No","2","S√≠","S√≠","3","3","3","2","3","3","S√≠","4","S√≠","Si","S√≠","No","No","S√≠","No"
"2020/04/21 12:45:49 PM CDT","Hombre","28","Tegucigalpa M. D. C","S√≠","No","S√≠","No","No","75","S√≠","4","9","El 40%  o menos eran buenos dando la clase","No","L√≥gica, lenguajes de programaci√≥n, bases de datos etc. ","Programaci√≥n en frameword como angular... ","No","Electr√≥nica;Administraci√≥n","Programaci√≥n;Redes","No","Normal","S√≠","2019","9","No","S√≠","S√≠","Si","Fortaleza mental en que si puedes hacer las cosas. ","No","S√≠","S√≠","0","S√≠","No","1","4","3","3","3","3","S√≠","3","No","Si","No","No","No","S√≠","No"
"2020/04/21 12:45:57 PM CDT","Hombre","28","Tegucigalpa M. D. C","S√≠","No","S√≠","No","No","75","S√≠","4","9","El 40%  o menos eran buenos dando la clase","No","L√≥gica, lenguajes de programaci√≥n, bases de datos etc. ","Programaci√≥n en frameword como angular... ","No","Electr√≥nica;Administraci√≥n","Programaci√≥n;Redes","No","Normal","S√≠","2019","9","No","S√≠","S√≠","Si","Fortaleza mental en que si puedes hacer las cosas. ","No","S√≠","S√≠","0","S√≠","No","1","4","3","3","3","3","S√≠","3","No","Si","No","No","No","S√≠","No"
"2020/04/23 8:46:58 AM CDT","Hombre","24","Tegucigalpa ","S√≠","No","No","No","No","75","S√≠","5","7","El 60% eran buenos dando la clase","S√≠","Desarrollo web,redes,base de datos entre otras","Fortiner,sophos,rob√≥tica entre otras","S√≠","Electr√≥nica","Programaci√≥n;Redes","No","No conoc√≠ a ninguna lucia","S√≠","2019","9","No","S√≠","S√≠","Si","Desarrollo para m√≥vil entre otras","S√≠","S√≠","S√≠","0","S√≠","S√≠","3","3","4","3","3","3","S√≠","3","No","Si","S√≠","No","No","S√≠","No"